Oud-adviseurs Trump gedagvaard vanwege bestorming Capitool, 8 uur geleden, Een commissie van het Amerikaanse Huis van Afgevaardigden heeft donderdag voormalige adviseurs van oud-president Donald Trump gedagvaard..., https://www.nu.nl/buitenland/6158715/oud-adviseurs-trump-gedagvaard-vanwege-bestorming-capitool.html, 
Trump spant rechtszaak aan tegen zijn nicht en The New York Times, 2 dagen geleden, NEW YORK - Voormalig president Donald Trump heeft dinsdag een rechtszaak aangespannen tegen The New York Times drie van de verslaggevers en zijn nicht Mary..., https://www.telegraaf.nl/nieuws/1119629041/trump-spant-rechtszaak-aan-tegen-zijn-nicht-en-the-new-york-times, 
Keert rechterhand Donald Trump zich tegen hem nu celstraf dreigt?, 2 dagen geleden, ... topman van de Trump Organization hier nou wel of geen belasting over? ... tegen Allen Weisselberg cfo en vertrouweling van de Trumps., https://www.telegraaf.nl/financieel/1250259199/keert-rechterhand-donald-trump-zich-tegen-hem-nu-celstraf-dreigt, 
Voormalige adviseurs Trump gedagvaard vanwege bestorming ..., 8 uur geleden, Een commissie van het Amerikaanse Huis van Afgevaardigden heeft donderdag lokale tijd voormalige adviseurs van oud-president Donald Trump..., https://www.hln.be/buitenland/voormalige-adviseurs-trump-gedagvaard-vanwege-bestorming-capitool~a9bfa57c/, 
Ze verkondigden de wildste theorieën maar Team Trump wist dat er ..., 1 dag geleden, Maar het campagneteam van Donald Trump wist al daags na de verkiezingen dat de claims over fraude met stemcomputers niet klopten., https://www.nieuwsblad.be/cnt/dmf20210922_95833251, 
Sham Arizona 2020 review blows open Trump's election lies -- but he's trying again in Texas, 3 uur geleden, (CNN) Donald Trump's effort to destroy confidence in America's elections suffered a serious setback late Thursday after a draft of the sham..., https://www.cnn.com/2021/09/24/politics/donald-trump-elections-texas-arizona-president-joe-biden/index.html, 
Capitol riot committee to investigate Trump allies, 7 uur geleden, The committee investigating the Capitol riot has issued its first subpoenas of President Trump's allies - including Mark Meadows and Steve..., https://www.bbc.com/news/world-us-canada-58673755, 
Donald Trump turned on Lindsey Graham. Of course., 7 uur geleden, The book by authors Bob Woodward and Robert Costa documents Graham's repeated -- and unsuccessful -- attempts to convince Trump to concede the..., https://www.cnn.com/2021/09/23/politics/donald-trump-lindsey-graham/index.html, 
Threats linger over members of Congress as a Trump adversary calls it quits, 14 uur geleden, Anthony Gonzalez a former Ohio football star with young kids had a promising future in politics. After voting to impeach Trump..., https://www.nbcnews.com/politics/congress/threats-linger-over-members-congress-trump-adversary-calls-it-quits-n1279930, 
21 million Americans say Biden is 'illegitimate' and Trump should be restored by violence survey finds, 20 uur geleden, We have found that 47 million American adults – nearly 1 in 5 – agree with the statement that “the 2020 election was stolen from Donald Trump..., https://theconversation.com/21-million-americans-say-biden-is-illegitimate-and-trump-should-be-restored-by-violence-survey-finds-168359, 
Trump wil in 2024 gooi doen naar presidentschap: 'Alleen slecht ..., 3 uur geleden, VIDEODe voormalige Amerikaanse president Donald Trump (75) wil meedoen aan de presidentsverkiezingen van 2024 in de Verenigde Staten..., https://www.ad.nl/buitenland/trump-wil-in-2024-gooi-doen-naar-presidentschap-alleen-slecht-nieuws-van-dokter-houdt-mij-tegen~a8e5a07b/, 
Domper voor Trump: onderzoek bevestigt nederlaag in Arizona, 2 dagen geleden, Donald Trump verloor bij de presidentsverkiezingen van vorig jaar ook in de grootste county in Arizona van zijn rivaal Joe Biden., https://www.ad.nl/buitenland/domper-voor-trump-onderzoek-bevestigt-nederlaag-in-arizona~a40b3dcb/, 
Trump spant rechtszaak aan tegen zijn nicht en The New York Times, 5 dagen geleden, Voormalig president Donald Trump heeft dinsdag een rechtszaak ... drie van de verslaggevers en zijn nicht Mary Trump bericht de Amerikaanse..., https://www.ad.nl/buitenland/trump-spant-rechtszaak-aan-tegen-zijn-nicht-en-the-new-york-times~a66b86f5/, 
Donald Trump commentator bij duel bokslegende Holyfield, 2 weken geleden, Samen met zijn zoon Donald Trump Jr. zal hij het gevecht in het Hard Rock Hotel en Casino van Hollywood in Florida analyseren en bespreken., https://www.rtlnieuws.nl/nieuws/buitenland/artikel/5253210/ex-president-trump-bokscommentator-bij-duel-holyfield, 
Ontslag Trump-medestanders door Biden 'komt over als politieke ..., 2 weken geleden, Trumps persoonlijke adviseur Kellyanne Conway perswoordvoerder Sean Spicer en Nationaal Veiligheidscoordinaror Herbert McMaster., https://www.rtlnieuws.nl/nieuws/buitenland/artikel/5253344/biden-wil-onslag-conway-spicer, 
Liz Cheney fires back at Trump and says she was wrong to oppose gay marriage, 18 uur geleden, Liz Cheney fires back at Trump and says she was wrong to oppose gay marriage. Congresswoman tweets response to bizarre insult before telling CBS..., https://www.theguardian.com/us-news/2021/sep/26/liz-cheney-donald-trump-feud, 
Trump Pretends Arizona Election Audit Findings Didn’t Completely Embarrass Him, 18 uur geleden, Donald Trump made clear over the weekend that he still wants to force Republicans to pay a political cost for failing to help him overturn..., https://www.vanityfair.com/news/2021/09/trump-pretends-arizona-election-audit-findings-didnt-completely-embarrass-him, 
Trump's new interviews and appearances show that a storm is brewing, 10 uur geleden, I watched Donald Trump's entire "interview" with One America News propagandist Dan Ball and that's the quote that stood out the most., https://www.cnn.com/2021/09/26/media/trump-interviews-reliable-sources/index.html, 
Biden's multi-trillion bet to change America is in peril as Trump waits to pounce, 8 uur geleden, ... to gut his domestic agenda and demoralize the party before congressional elections that could hand power to Donald Trump's Republicans., https://www.cnn.com/2021/09/27/politics/biden-infrastructure-spending-bills-debt-ceiling-shutdown-democrats/index.html, 
Bill Barr was right about this, 6 uur geleden, (CNN) In the spring of 2020 when there was still time for President Donald Trump to shift the focus of his re-election campaign..., https://www.cnn.com/2021/09/27/opinions/barr-trump-suburban-voters-levy/index.html, 
